id,process_id,name,started_at,finished_at,target_temperature_c,target_stirrer_rpm,heating_minutes,stirring_minutes,yield_percent,product_ratio
92,33,Batch-042 延长保温,2026-06-01T11:56:17.818128+00:00,2026-06-01T11:56:17.857728500+00:00,98,580,120,110,78.1,0.84
91,33,Batch-041 温和优化,2026-06-01T11:56:17.723328900+00:00,2026-06-01T11:56:17.750864900+00:00,96,560,92,78,82.4,0.88
90,34,Batch-040 高搅拌对照,2026-06-01T11:56:17.594107+00:00,2026-06-01T11:56:17.633754400+00:00,118,820,125,95,67.5,0.74
89,33,Batch-039 基准参数,2026-06-01T11:56:17.477120400+00:00,2026-06-01T11:56:17.515919100+00:00,92,520,95,72,74.8,0.81
88,33,Batch-038 搅拌不足,2026-06-01T11:56:17.381251300+00:00,2026-06-01T11:56:17.409826400+00:00,84,360,82,66,64.7,0.7
87,33,Batch-037 低温短时,2026-06-01T11:56:17.275189800+00:00,2026-06-01T11:56:17.314028+00:00,72,420,70,58,61.2,0.66
86,32,最终管线验证工艺 20260523145426,2026-05-24T04:43:00.478791384+00:00,,106,560,10,24,,
85,32,最终管线验证工艺 20260523145426,2026-05-23T14:54:26.713713143+00:00,2026-05-23T14:54:27.091436773+00:00,106,560,10,24,84.2,0.89
84,31,新工艺 22:54:01,2026-05-23T14:54:03.584785780+00:00,,120,300,45,120,,
